ID_Transaccion,Ciudad,Venta,Categoria_Producto,Precio_Unitario,Cantidad,Total_Venta
1,Houston,False,Ropa,89.74,7,628.18
2,Houston,False,Ropa,109.76,5,548.8000000000001
3,Houston,False,Ropa,106.53,8,852.24
4,Houston,False,Ropa,168.24,3,504.72
5,Houston,False,Alimentos,108.9,1,108.9
6,Houston,False,Ropa,104.27,2,208.54
7,Houston,False,Hogar,327.95,1,327.95
8,Houston,False,Electrónica,133.88,1,133.88
9,Houston,False,Alimentos,90.42,2,180.84
10,Houston,False,Ropa,79.53,5,397.65
11,Houston,False,Ropa,82.97,8,663.76
12,Houston,False,Hogar,218.98,3,656.9399999999999
13,Houston,False,Hogar,74.31,9,668.79
14,Houston,False,Hogar,233.12,6,1398.72
15,Houston,False,Electrónica,103.47,8,827.76
16,Houston,False,Hogar,62.48,9,562.3199999999999
17,Houston,False,Ropa,446.69,9,4020.21
18,Houston,False,Ropa,61.16,5,305.79999999999995
19,Houston,False,Ropa,65.55,4,262.2
20,Houston,False,Electrónica,206.4,1,206.4
21,,False,Ropa,124.52,7,871.64
22,Houston,False,Alimentos,79.59,6,477.54
23,Houston,False,Hogar,198.97,6,1193.82
24,Houston,False,Electrónica,164.32,4,657.28
25,Houston,False,Hogar,79.98,6,479.88
26,Houston,False,Electrónica,93.53,6,561.1800000000001
27,Houston,False,Alimentos,139.81,1,139.81
28,Houston,False,Hogar,58.08,6,348.48
29,Houston,False,Hogar,54.91,3,164.73
30,Houston,False,Hogar,50.41,7,352.87
31,Houston,False,Electrónica,297.95,8,2383.6
32,Houston,False,Ropa,102.0,4,408.0
33,Houston,False,Electrónica,90.06,2,180.12
34,Houston,False,Alimentos,53.21,7,372.47
35,Houston,False,Hogar,105.09,8,840.72
36,Houston,False,Ropa,62.56,8,500.48
37,Houston,False,Hogar,146.48,2,292.96
38,Houston,False,Electrónica,344.47,1,344.47
39,,False,Ropa,60.57,8,484.56
40,Houston,False,Alimentos,112.55,1,112.55
41,Houston,False,Alimentos,242.53,9,2182.77
42,Houston,False,Alimentos,88.04,2,176.08
43,Houston,False,Electrónica,179.33,6,1075.98
44,,False,Electrónica,177.56,9,1598.04
45,Houston,False,Ropa,50.93,5,254.65
46,Houston,False,Hogar,165.85,5,829.25
47,Houston,False,Hogar,108.61,6,651.66
48,Houston,False,Hogar,284.64,7,1992.48
49,,False,Ropa,87.09,5,435.45000000000005
50,Houston,False,Hogar,166.9,7,1168.3
51,Houston,False,Electrónica,160.49,5,802.45
52,Houston,False,Hogar,80.29,7,562.0300000000001
53,Houston,False,Ropa,58.59,5,292.95000000000005
54,Houston,False,Hogar,158.31,9,1424.79
55,Houston,False,Electrónica,161.89,1,161.89
56,Houston,False,Hogar,160.02,6,960.1200000000001
57,Houston,False,Ropa,349.54,1,349.54
58,Houston,False,Hogar,236.01,8,1888.08
59,Houston,False,Hogar,126.42,7,884.94
60,Houston,False,Electrónica,101.96,3,305.88
61,Houston,False,Ropa,110.56,5,552.8
62,Houston,False,Hogar,62.86,1,62.86
63,Houston,False,Ropa,123.64,4,494.56
64,Houston,False,Ropa,182.42,8,1459.36
65,Houston,False,Hogar,87.33,4,349.32
66,Houston,False,Ropa,182.24,6,1093.44
67,Houston,False,Hogar,132.32,9,1190.8799999999999
68,Houston,False,Hogar,134.23,8,1073.84
69,Houston,False,Hogar,110.03,5,550.15
70,Houston,False,Hogar,139.96,7,979.72
71,Houston,False,Electrónica,44.48,3,133.44
72,Houston,False,Ropa,136.1,9,1224.8999999999999
73,Houston,False,Hogar,312.99,9,2816.91
74,Houston,False,Ropa,58.78,2,117.56
75,Houston,False,Ropa,102.05,2,204.1
76,Houston,False,Electrónica,139.1,9,1251.8999999999999
77,Houston,False,Ropa,215.52,3,646.5600000000001
78,Houston,False,Ropa,58.88,1,58.88
79,Houston,False,Ropa,191.67,1,191.67
80,Houston,False,Hogar,127.43,2,254.86
81,Houston,False,Ropa,69.07,2,138.14
82,Houston,False,Ropa,128.77,2,257.54
83,Houston,False,Ropa,155.17,3,465.51
84,Houston,False,Alimentos,104.5,4,418.0
85,Houston,False,Ropa,68.02,1,68.02
86,Houston,False,Alimentos,126.24,2,252.48
87,Houston,False,Ropa,95.56,2,191.12
88,Houston,False,Electrónica,184.13,7,1288.9099999999999
89,Houston,False,Alimentos,149.87,4,599.48
90,Houston,False,Alimentos,109.24,6,655.4399999999999
91,Houston,False,Ropa,127.24,5,636.1999999999999
92,Houston,False,Ropa,217.55,1,217.55
93,Houston,False,Ropa,124.98,3,374.94
94,Houston,False,Alimentos,92.86,8,742.88
95,Houston,False,Ropa,51.29,5,256.45
96,Houston,False,Ropa,106.54,2,213.08
97,Houston,False,Alimentos,132.4,5,662.0
98,Houston,False,Alimentos,236.04,2,472.08
99,Houston,False,Electrónica,248.61,6,1491.66
100,Houston,False,Electrónica,60.87,7,426.09
101,Houston,False,Hogar,186.74,4,746.96
102,Houston,False,Hogar,123.16,2,246.32
103,Houston,False,Hogar,160.83,7,1125.8100000000002
104,Houston,False,Alimentos,57.16,5,285.79999999999995
105,Houston,False,Ropa,105.91,4,423.64
106,Houston,False,Ropa,185.19,7,1296.33
107,Houston,False,Hogar,72.81,1,72.81
108,Houston,False,Ropa,91.47,4,365.88
109,Houston,False,Ropa,27.33,7,191.31
110,Houston,False,Alimentos,73.13,4,292.52
111,Houston,False,Ropa,382.29,5,1911.45
112,Houston,False,Alimentos,113.11,1,113.11
113,Houston,False,Ropa,160.15,1,160.15
114,,False,Hogar,191.7,6,1150.1999999999998
115,Houston,False,Ropa,207.45,9,1867.05
116,Houston,False,Ropa,63.55,5,317.75
117,Houston,False,Ropa,172.4,7,1206.8
118,Houston,False,Ropa,97.23,1,97.23
119,Houston,False,Hogar,180.75,2,361.5
120,Houston,False,Ropa,98.27,5,491.34999999999997
121,Houston,False,Ropa,67.35,9,606.15
122,Houston,False,Ropa,123.73,3,371.19
123,Houston,False,Hogar,377.66,3,1132.98
124,Houston,False,Electrónica,86.0,9,774.0
125,Houston,False,Ropa,185.65,9,1670.8500000000001
126,Houston,False,Ropa,59.88,5,299.40000000000003
127,Houston,False,Electrónica,69.88,6,419.28
128,Houston,False,Ropa,118.31,2,236.62
129,Houston,False,Electrónica,192.03,9,1728.27
130,Houston,False,Ropa,130.04,4,520.16
131,Houston,False,Ropa,277.85,6,1667.1000000000001
132,Houston,False,Ropa,189.83,3,569.49
133,Houston,False,Ropa,87.43,5,437.15000000000003
134,Houston,False,Hogar,227.96,4,911.84
135,Houston,False,Ropa,102.24,1,102.24
136,Houston,False,Hogar,145.07,9,1305.6299999999999
137,Houston,False,Ropa,114.69,3,344.07
138,Houston,False,Ropa,127.8,9,1150.2
139,,False,Hogar,64.08,9,576.72
140,Houston,False,Electrónica,109.17,4,436.68
141,Houston,False,Ropa,55.01,4,220.04
142,,False,Ropa,152.29,2,304.58
143,Houston,False,Hogar,133.97,4,535.88
144,Houston,False,Ropa,64.36,1,64.36
145,Houston,False,Ropa,175.23,7,1226.61
146,Houston,False,Hogar,81.38,2,162.76
147,Houston,False,Hogar,159.99,5,799.95
148,Houston,False,Electrónica,170.2,7,1191.3999999999999
149,Houston,False,Electrónica,123.23,8,985.84
150,Houston,False,Ropa,136.43,6,818.58
151,,False,Hogar,112.74,5,563.6999999999999
152,Houston,False,Ropa,162.53,3,487.59000000000003
153,Houston,False,Electrónica,104.11,1,104.11
154,Houston,False,Ropa,154.36,5,771.8000000000001
155,Houston,False,Hogar,153.96,1,153.96
156,Houston,False,Ropa,56.16,1,56.16
157,,False,Hogar,234.04,6,1404.24
158,Houston,False,Electrónica,161.01,7,1127.07
159,Houston,False,Hogar,187.06,6,1122.3600000000001
160,Houston,False,Electrónica,284.84,4,1139.36
161,Houston,False,Alimentos,123.6,1,123.6
162,Houston,False,Electrónica,70.46,9,634.14
163,Houston,False,Alimentos,88.4,8,707.2
164,Houston,False,Electrónica,139.5,8,1116.0
165,Houston,False,Hogar,111.75,5,558.75
166,Houston,False,Ropa,192.7,5,963.5
167,Houston,False,Ropa,187.22,1,187.22
168,Houston,False,Hogar,124.21,5,621.05
169,Houston,False,Ropa,45.76,2,91.52
170,Houston,False,Ropa,183.25,1,183.25
171,Houston,False,Ropa,311.04,9,2799.36
172,Houston,False,Alimentos,129.41,4,517.64
173,Houston,False,Electrónica,92.8,7,649.6
174,Houston,False,Hogar,205.95,6,1235.6999999999998
175,Houston,False,Ropa,46.8,3,140.39999999999998
176,Houston,False,Electrónica,115.67,2,231.34
177,Houston,False,Ropa,97.25,3,291.75
178,Houston,False,Ropa,43.24,5,216.20000000000002
179,Houston,False,Hogar,94.33,7,660.31
180,Houston,False,Ropa,24.67,2,49.34
181,Houston,False,Hogar,65.72,4,262.88
182,Houston,False,Ropa,123.05,5,615.25
183,Houston,False,Electrónica,124.09,7,868.63
184,Houston,False,Alimentos,138.34,9,1245.06
185,Houston,False,Ropa,73.29,2,146.58
186,Houston,False,Alimentos,110.06,4,440.24
187,Houston,False,Hogar,157.27,2,314.54
188,Houston,False,Electrónica,267.94,1,267.94
189,Houston,False,Electrónica,143.54,5,717.6999999999999
190,Houston,False,Hogar,136.79,5,683.9499999999999
191,Houston,False,Ropa,168.43,6,1010.58
192,Houston,False,Electrónica,109.76,8,878.08
193,Houston,False,Hogar,167.31,8,1338.48
194,Houston,False,Ropa,136.7,9,1230.3
195,Houston,False,Ropa,237.03,8,1896.24
196,Houston,False,Ropa,146.22,1,146.22
197,Houston,False,Ropa,96.4,8,771.2
198,Houston,False,Ropa,53.22,3,159.66
199,Houston,False,Ropa,355.51,7,2488.5699999999997
200,Houston,False,Electrónica,209.56,1,209.56
201,Houston,False,Ropa,172.82,9,1555.3799999999999
202,Houston,False,Electrónica,214.94,4,859.76
203,Houston,False,Ropa,94.09,6,564.54
204,Houston,False,Hogar,122.59,2,245.18
205,Houston,False,Electrónica,82.46,2,164.92
206,Houston,False,Alimentos,57.71,2,115.42
207,Houston,False,Ropa,114.14,8,913.12
208,Houston,False,Ropa,111.02,1,111.02
209,Houston,False,Ropa,72.22,2,144.44
210,Houston,False,Ropa,108.41,3,325.23
211,Houston,False,Ropa,134.23,2,268.46
212,Houston,False,Hogar,215.35,3,646.05
213,Houston,False,Ropa,81.68,9,735.1200000000001
214,Houston,False,Electrónica,119.94,4,479.76
215,Houston,False,Electrónica,288.05,5,1440.25
216,Houston,False,Ropa,101.92,6,611.52
217,Houston,False,Ropa,177.71,2,355.42
218,,False,Hogar,187.35,7,1311.45
219,Houston,False,Alimentos,140.18,9,1261.6200000000001
220,Houston,False,Ropa,183.29,3,549.87
221,Houston,False,Electrónica,103.76,6,622.5600000000001
222,Houston,False,Ropa,91.27,7,638.89
223,Houston,False,Ropa,57.51,1,57.51
224,Houston,False,Hogar,78.87,5,394.35
225,Houston,False,Ropa,331.2,4,1324.8
226,Houston,False,Alimentos,74.86,7,524.02
227,Houston,False,Electrónica,137.69,6,826.14
228,Houston,False,Hogar,74.73,2,149.46
229,Houston,False,Alimentos,131.2,1,131.2
230,Houston,False,Electrónica,190.31,1,190.31
231,Houston,False,Ropa,110.97,6,665.8199999999999
232,Houston,False,Alimentos,102.43,7,717.01
233,Houston,False,Ropa,57.98,4,231.92
234,Houston,False,Electrónica,150.94,4,603.76
235,,False,Ropa,258.4,4,1033.6
236,Houston,False,Hogar,245.46,8,1963.68
237,Houston,False,Electrónica,138.06,5,690.3
238,Houston,False,Ropa,97.02,5,485.09999999999997
239,Houston,False,Ropa,102.75,1,102.75
240,Houston,False,Electrónica,226.88,7,1588.1599999999999
241,Houston,False,Electrónica,180.77,4,723.08
242,Houston,False,Alimentos,43.45,9,391.05
243,Houston,False,Electrónica,183.31,7,1283.17
244,Houston,False,Alimentos,106.53,2,213.06
245,Houston,False,Ropa,164.37,3,493.11
246,Houston,False,Electrónica,219.51,5,1097.55
247,Houston,False,Electrónica,72.05,8,576.4
248,,False,Alimentos,150.81,1,150.81
249,Houston,False,Ropa,82.75,4,331.0
250,Houston,False,Ropa,164.01,6,984.06
251,Houston,False,Electrónica,64.48,8,515.84
252,Houston,False,Ropa,192.44,8,1539.52
253,Houston,False,Electrónica,110.01,7,770.07
254,Houston,False,Electrónica,103.26,9,929.34
255,Houston,False,Ropa,140.28,3,420.84000000000003
256,Houston,False,Hogar,95.94,8,767.52
257,Houston,False,Electrónica,302.81,1,302.81
258,Houston,False,Ropa,68.34,3,205.02
259,Houston,False,Ropa,96.91,7,678.37
260,Houston,False,Ropa,132.74,6,796.44
261,,False,Hogar,190.96,6,1145.76
262,Houston,False,Hogar,102.04,9,918.36
263,Houston,False,Ropa,180.15,2,360.3
264,Houston,False,Electrónica,126.87,5,634.35
265,Houston,False,Ropa,97.87,7,685.09
266,Houston,False,Ropa,395.6,1,395.6
267,Houston,False,Ropa,68.3,7,478.09999999999997
268,,False,Electrónica,96.2,6,577.2
269,Houston,False,Ropa,182.9,9,1646.1000000000001
270,Houston,False,Ropa,60.46,9,544.14
271,Houston,False,Electrónica,196.6,1,196.6
272,Houston,False,Hogar,64.63,3,193.89
273,Houston,False,Ropa,257.34,2,514.68
274,Houston,False,Ropa,124.57,2,249.14
275,Houston,False,Hogar,118.15,8,945.2
276,Houston,False,Hogar,151.87,5,759.35
277,Houston,False,Electrónica,506.94,9,4562.46
278,Houston,False,Electrónica,90.41,4,361.64
279,Houston,False,Ropa,93.88,3,281.64
280,Houston,False,Ropa,141.69,4,566.76
281,Houston,False,Electrónica,74.56,5,372.8
282,Houston,False,Hogar,97.53,9,877.77
283,,False,Electrónica,132.09,6,792.54
284,Houston,False,Ropa,104.63,2,209.26
285,Houston,False,Ropa,63.75,6,382.5
286,Houston,False,Hogar,112.99,1,112.99
287,Houston,False,Hogar,193.54,7,1354.78
288,Houston,False,Ropa,172.07,2,344.14
289,Houston,False,Electrónica,166.09,5,830.45
290,Houston,False,Ropa,78.91,9,710.1899999999999
291,Houston,False,Ropa,195.35,6,1172.1
292,Houston,False,Hogar,227.22,8,1817.76
293,Houston,False,Electrónica,132.58,8,1060.64
294,Houston,False,Ropa,148.2,7,1037.3999999999999
295,Houston,False,Alimentos,58.27,2,116.54
296,Houston,False,Ropa,144.14,2,288.28
297,Houston,False,Alimentos,152.81,3,458.43
298,Houston,False,Electrónica,109.1,8,872.8
299,Houston,False,Ropa,184.42,1,184.42
300,Houston,False,Ropa,163.88,8,1311.04
301,Houston,False,Ropa,179.3,4,717.2
302,Houston,False,Ropa,208.65,2,417.3
303,Houston,False,Hogar,84.56,7,591.9200000000001
304,Houston,False,Electrónica,115.48,7,808.36
305,Houston,False,Ropa,181.57,3,544.71
306,Houston,False,Ropa,100.74,4,402.96
307,Houston,False,Hogar,166.04,2,332.08
308,Houston,False,Electrónica,117.7,2,235.4
309,Houston,False,Hogar,114.49,5,572.4499999999999
310,Houston,False,Electrónica,141.0,3,423.0
311,Houston,False,Hogar,199.08,9,1791.72
312,Houston,False,Ropa,66.05,1,66.05
313,Houston,False,Ropa,97.47,1,97.47
314,Houston,False,Electrónica,176.17,6,1057.02
315,Houston,False,Hogar,52.1,2,104.2
316,Houston,False,Hogar,220.63,8,1765.04
317,Houston,False,Electrónica,82.86,2,165.72
318,Houston,False,Ropa,101.13,8,809.04
319,Houston,False,Hogar,144.34,4,577.36
320,Houston,False,Alimentos,76.28,9,686.52
321,Houston,False,Electrónica,67.53,6,405.18
322,Houston,False,Ropa,177.59,1,177.59
323,Houston,False,Ropa,61.53,4,246.12
324,Houston,False,Electrónica,71.23,8,569.84
325,Houston,False,Hogar,103.8,9,934.1999999999999
326,Houston,False,Hogar,251.97,7,1763.79
327,Houston,False,Electrónica,134.59,8,1076.72
328,Houston,False,Electrónica,109.09,8,872.72
329,Houston,False,Electrónica,110.54,5,552.7
330,Houston,False,Ropa,196.32,8,1570.56
331,Houston,False,Electrónica,124.38,9,1119.42
332,Houston,False,Electrónica,78.31,1,78.31
333,Houston,False,Electrónica,160.63,4,642.52
334,Houston,False,Hogar,203.18,2,406.36
335,Houston,False,Alimentos,124.69,5,623.45
336,,False,Electrónica,177.94,2,355.88
337,,False,Ropa,112.01,5,560.0500000000001
338,Houston,False,Electrónica,61.58,7,431.06
339,Houston,False,Ropa,92.75,5,463.75
340,Houston,False,Hogar,187.88,1,187.88
341,Houston,False,Ropa,83.08,1,83.08
342,Houston,False,Hogar,80.36,1,80.36
343,Houston,False,Ropa,153.68,8,1229.44
344,Houston,False,Ropa,126.23,1,126.23
345,Houston,False,Ropa,123.01,9,1107.0900000000001
346,,False,Electrónica,154.36,5,771.8000000000001
347,Houston,False,Ropa,87.01,4,348.04
348,Houston,False,Alimentos,64.6,4,258.4
349,Houston,False,Hogar,95.91,5,479.54999999999995
350,,False,Electrónica,88.9,6,533.4000000000001
351,Houston,False,Hogar,87.89,7,615.23
352,Houston,False,Hogar,92.04,9,828.36
353,Houston,False,Electrónica,61.46,6,368.76
354,Houston,False,Electrónica,53.83,4,215.32
355,Houston,False,Electrónica,162.47,8,1299.76
356,Houston,False,Ropa,45.63,2,91.26
357,Houston,False,Hogar,56.76,2,113.52
358,Houston,False,Ropa,263.41,3,790.23
359,Houston,False,Ropa,132.36,8,1058.88
360,Houston,False,Hogar,41.3,8,330.4
361,Houston,False,Hogar,248.69,1,248.69
362,Houston,False,Ropa,98.66,5,493.29999999999995
363,Houston,False,Electrónica,151.8,5,759.0
364,Houston,False,Ropa,66.88,6,401.28
365,,False,Hogar,138.63,4,554.52
366,Houston,False,Ropa,101.91,5,509.54999999999995
367,Houston,False,Alimentos,157.32,3,471.96
368,Houston,False,Ropa,67.23,6,403.38
369,Houston,False,Ropa,261.37,3,784.11
370,Houston,False,Alimentos,171.78,7,1202.46
371,Houston,False,Alimentos,276.15,2,552.3
372,Houston,False,Electrónica,163.45,3,490.34999999999997
373,Houston,False,Ropa,101.72,2,203.44
374,Houston,False,Hogar,48.01,1,48.01
375,Houston,False,Electrónica,106.49,8,851.92
376,Houston,False,Alimentos,255.25,3,765.75
377,Houston,False,Ropa,150.14,2,300.28
378,Houston,False,Hogar,141.76,5,708.8
379,Houston,False,Electrónica,72.57,8,580.56
380,Houston,False,Hogar,109.01,4,436.04
381,Houston,False,Alimentos,224.99,7,1574.93
382,Houston,False,Ropa,227.55,7,1592.8500000000001
383,Houston,False,Ropa,135.65,9,1220.8500000000001
384,Houston,False,Ropa,110.23,7,771.61
385,Houston,False,Ropa,76.15,7,533.0500000000001
386,,False,Electrónica,94.83,5,474.15
387,Houston,False,Electrónica,81.62,5,408.1
388,Houston,False,Hogar,145.51,3,436.53
389,Houston,False,Hogar,161.44,8,1291.52
390,Houston,False,Electrónica,50.65,4,202.6
391,Houston,False,Ropa,146.99,3,440.97
392,Houston,False,Ropa,89.49,7,626.43
393,Houston,False,Electrónica,73.76,6,442.56000000000006
394,Houston,False,Electrónica,178.4,2,356.8
395,Houston,False,Electrónica,229.74,7,1608.18
396,Houston,False,Ropa,54.14,5,270.7
397,Houston,False,Alimentos,76.6,3,229.79999999999998
398,,False,Ropa,69.4,7,485.80000000000007
399,Houston,False,Electrónica,90.37,6,542.22
400,Houston,False,Ropa,199.92,9,1799.28
401,Houston,False,Electrónica,67.63,9,608.67
402,Houston,False,Ropa,82.6,5,413.0
403,Houston,False,Ropa,88.45,1,88.45
404,Houston,False,Ropa,161.0,5,805.0
405,Houston,False,Electrónica,126.74,5,633.6999999999999
406,Houston,False,Ropa,153.48,5,767.4
407,Houston,False,Ropa,151.63,8,1213.04
408,Houston,False,Hogar,242.82,2,485.64
409,Houston,False,Ropa,132.25,6,793.5
410,Houston,False,Ropa,51.57,5,257.85
411,Houston,False,Alimentos,95.42,5,477.1
412,Houston,False,Hogar,100.46,4,401.84
413,Houston,False,Electrónica,54.78,1,54.78
414,Houston,False,Ropa,74.89,4,299.56
415,Houston,False,Hogar,71.78,8,574.24
416,Houston,False,Ropa,134.11,4,536.44
417,Houston,False,Hogar,82.52,4,330.08
418,Houston,False,Alimentos,73.7,6,442.20000000000005
419,Houston,False,Hogar,105.12,2,210.24
420,Houston,False,Ropa,162.81,7,1139.67
421,Houston,False,Ropa,263.48,4,1053.92
422,Houston,False,Ropa,247.64,7,1733.48
423,Houston,False,Electrónica,63.33,3,189.99
424,Houston,False,Electrónica,53.45,5,267.25
425,,False,Ropa,184.67,5,923.3499999999999
426,Houston,False,Electrónica,109.87,3,329.61
427,Houston,False,Electrónica,142.21,1,142.21
428,Houston,False,Hogar,72.99,3,218.96999999999997
429,Houston,False,Hogar,131.92,1,131.92
430,Houston,False,Ropa,40.84,5,204.20000000000002
431,Houston,False,Alimentos,125.04,9,1125.3600000000001
432,,False,Electrónica,172.16,3,516.48
433,Houston,False,Ropa,237.24,5,1186.2
434,Houston,False,Ropa,211.69,1,211.69
435,Houston,False,Ropa,39.95,7,279.65000000000003
436,Houston,False,Electrónica,82.7,6,496.20000000000005
437,Houston,False,Electrónica,106.32,6,637.92
438,Houston,False,Ropa,109.35,9,984.15
439,,False,Electrónica,134.98,8,1079.84
440,Houston,False,Electrónica,99.61,1,99.61
441,Houston,False,Ropa,226.49,9,2038.41
442,,False,Ropa,71.56,7,500.92
443,Houston,False,Electrónica,79.83,7,558.81
444,,False,Ropa,98.94,3,296.82
445,Houston,False,Ropa,90.01,5,450.05
446,Houston,False,Electrónica,102.51,6,615.0600000000001
447,Houston,False,Hogar,64.82,5,324.09999999999997
448,Houston,False,Ropa,114.97,6,689.8199999999999
449,Houston,False,Ropa,98.01,7,686.07
450,Houston,False,Ropa,153.7,7,1075.8999999999999
451,,False,Alimentos,105.95,3,317.85
452,Houston,False,Hogar,113.98,8,911.84
453,Houston,False,Electrónica,82.76,3,248.28000000000003
454,Houston,False,Ropa,95.16,7,666.12
455,Houston,False,Hogar,79.15,3,237.45000000000002
456,Houston,False,Hogar,161.83,8,1294.64
457,Houston,False,Hogar,106.33,9,956.97
458,Houston,False,Ropa,158.4,3,475.20000000000005
459,Houston,False,Electrónica,64.61,4,258.44
460,Houston,False,Ropa,67.42,5,337.1
461,Houston,False,Ropa,111.71,2,223.42
462,Houston,False,Hogar,98.82,9,889.3799999999999
463,Houston,False,Hogar,149.39,2,298.78
464,Houston,False,Ropa,67.91,2,135.82
465,Houston,False,Ropa,163.14,8,1305.12
466,Houston,False,Hogar,83.46,6,500.76
467,Houston,False,Alimentos,155.59,5,777.95
468,Houston,False,Ropa,83.03,5,415.15
469,Houston,False,Electrónica,181.76,4,727.04
470,Houston,False,Ropa,109.62,7,767.34
471,Houston,False,Electrónica,166.54,7,1165.78
472,Houston,False,Electrónica,279.74,8,2237.92
473,Houston,False,Ropa,138.86,4,555.44
474,Houston,False,Ropa,160.56,8,1284.48
475,Houston,False,Hogar,153.6,8,1228.8
476,Houston,False,Ropa,147.39,4,589.56
477,Houston,False,Ropa,80.94,2,161.88
478,Houston,False,Electrónica,193.19,1,193.19
479,Houston,False,Ropa,118.86,2,237.72
480,Houston,False,Ropa,54.94,7,384.58
481,Houston,False,Electrónica,60.67,3,182.01
482,Houston,False,Ropa,94.59,5,472.95000000000005
483,Houston,False,Hogar,51.84,9,466.56000000000006
484,Houston,False,Alimentos,73.15,3,219.45000000000002
485,,False,Ropa,59.39,7,415.73
486,Houston,False,Ropa,125.35,6,752.0999999999999
487,Houston,False,Hogar,96.17,3,288.51
488,Houston,False,Hogar,112.32,4,449.28
489,Houston,False,Electrónica,124.6,1,124.6
490,Houston,False,Ropa,136.85,6,821.0999999999999
491,Houston,False,Ropa,91.48,9,823.32
492,Houston,False,Hogar,94.96,4,379.84
493,Houston,False,Ropa,73.75,7,516.25
494,Houston,False,Electrónica,185.33,2,370.66
495,Houston,False,Electrónica,64.25,2,128.5
496,Houston,False,Ropa,323.12,1,323.12
497,Houston,False,Electrónica,184.79,9,1663.11
498,Houston,False,Electrónica,73.09,5,365.45000000000005
499,Houston,False,Ropa,123.45,7,864.15
500,Houston,False,Alimentos,216.34,9,1947.06
501,Houston,False,Ropa,56.78,1,56.78
502,Houston,False,Hogar,143.1,5,715.5
503,Houston,False,Electrónica,265.43,6,1592.58
504,Houston,False,Electrónica,78.11,8,624.88
505,Houston,False,Ropa,100.5,2,201.0
506,Houston,False,Alimentos,107.07,7,749.49
507,Houston,False,Electrónica,76.13,2,152.26
508,Houston,False,Alimentos,169.93,7,1189.51
509,Houston,False,Electrónica,162.83,5,814.1500000000001
510,Houston,False,Ropa,139.2,5,696.0
511,Houston,False,Electrónica,70.35,4,281.4
512,Houston,False,Electrónica,176.62,1,176.62
513,Houston,False,Ropa,118.14,4,472.56
514,Houston,False,Electrónica,163.6,5,818.0
515,Houston,False,Alimentos,297.95,3,893.8499999999999
516,Houston,False,Hogar,84.34,4,337.36
517,Houston,False,Electrónica,56.14,9,505.26
518,Houston,False,Ropa,120.52,7,843.64
519,,False,Ropa,99.83,8,798.64
520,Houston,False,Ropa,93.64,8,749.12
521,Houston,False,Ropa,42.19,5,210.95
522,Houston,False,Alimentos,207.26,7,1450.82
523,Houston,False,Hogar,132.75,4,531.0
524,Houston,False,Electrónica,244.8,2,489.6
525,,False,Ropa,75.34,5,376.70000000000005
526,Houston,False,Electrónica,128.65,8,1029.2
527,Houston,False,Hogar,240.0,5,1200.0
528,Houston,False,Electrónica,95.16,8,761.28
529,Houston,False,Hogar,83.96,2,167.92
530,Houston,False,Ropa,276.26,7,1933.82
531,Houston,False,Electrónica,146.73,7,1027.11
532,,False,Ropa,244.43,6,1466.58
533,Houston,False,Ropa,90.67,6,544.02
534,Houston,False,Alimentos,660.28,2,1320.56
535,Houston,False,Electrónica,110.41,5,552.05
536,Houston,False,Electrónica,152.96,4,611.84
537,Houston,False,Hogar,159.9,9,1439.1000000000001
538,Houston,False,Ropa,193.05,3,579.1500000000001
539,Houston,False,Ropa,50.04,6,300.24
540,Houston,False,Ropa,182.26,5,911.3
541,Houston,False,Alimentos,150.02,7,1050.14
542,Houston,False,Ropa,181.99,4,727.96
543,Houston,False,Hogar,317.37,2,634.74
544,Houston,False,Hogar,100.09,8,800.72
545,Houston,False,Hogar,157.84,8,1262.72
546,,False,Ropa,91.74,6,550.4399999999999
547,Houston,False,Electrónica,349.89,3,1049.67
548,Houston,False,Ropa,130.88,7,916.16
549,Houston,False,Ropa,153.87,4,615.48
550,Houston,False,Alimentos,180.26,1,180.26
551,Houston,False,Electrónica,148.32,5,741.5999999999999
552,Houston,False,Ropa,74.63,8,597.04
553,Houston,False,Electrónica,72.02,7,504.14
554,Houston,False,Ropa,107.74,2,215.48
555,Houston,False,Ropa,158.11,3,474.33000000000004
556,Houston,False,Electrónica,115.01,6,690.0600000000001
557,Houston,False,Alimentos,44.52,2,89.04
558,Houston,False,Electrónica,140.68,2,281.36
559,Houston,False,Hogar,240.04,7,1680.28
560,Houston,False,Ropa,93.81,5,469.05
561,Houston,False,Ropa,84.05,9,756.4499999999999
562,Houston,False,Ropa,65.48,9,589.32
563,Houston,False,Electrónica,106.45,6,638.7
564,Houston,False,Ropa,105.99,4,423.96
565,Houston,False,Electrónica,148.13,4,592.52
566,Houston,False,Hogar,308.28,1,308.28
567,Houston,False,Ropa,241.66,1,241.66
568,Houston,False,Electrónica,186.35,2,372.7
569,Houston,False,Ropa,154.6,6,927.5999999999999
570,Houston,False,Ropa,241.12,1,241.12
571,Houston,False,Hogar,175.06,3,525.1800000000001
572,,False,Hogar,148.76,3,446.28
573,,False,Ropa,159.01,9,1431.09
574,,False,Ropa,137.02,4,548.08
575,Houston,False,Ropa,113.72,9,1023.48
576,Houston,False,Electrónica,61.05,8,488.4
577,Houston,False,Hogar,458.27,8,3666.16
578,Houston,False,Hogar,196.31,2,392.62
579,Houston,False,Ropa,375.51,8,3004.08
580,Houston,False,Alimentos,103.11,9,927.99
581,Houston,False,Hogar,89.91,9,809.1899999999999
582,Houston,False,Ropa,70.77,2,141.54
583,Houston,False,Alimentos,69.0,7,483.0
584,Houston,False,Ropa,302.31,4,1209.24
585,Houston,False,Hogar,35.86,7,251.01999999999998
586,Houston,False,Ropa,97.59,6,585.54
587,,False,Electrónica,152.66,6,915.96
588,Houston,False,Electrónica,66.17,1,66.17
589,Houston,False,Hogar,156.14,5,780.6999999999999
590,Houston,False,Ropa,85.81,5,429.05
591,Houston,False,Ropa,68.54,7,479.78000000000003
592,Houston,False,Ropa,217.8,8,1742.4
593,Houston,False,Electrónica,181.24,7,1268.68
594,Houston,False,Electrónica,180.51,6,1083.06
595,Houston,False,Hogar,120.54,8,964.32
596,Houston,False,Electrónica,78.69,2,157.38
597,Houston,False,Alimentos,40.53,5,202.65
598,Houston,False,Ropa,172.08,4,688.32
599,Houston,False,Ropa,95.86,3,287.58
600,Houston,False,Ropa,72.48,7,507.36
601,Houston,False,Ropa,210.39,8,1683.12
602,Houston,False,Ropa,168.26,5,841.3
603,Houston,False,Hogar,117.9,9,1061.1000000000001
604,Houston,False,Electrónica,315.27,1,315.27
605,Houston,False,Alimentos,100.51,8,804.08
606,Houston,False,Electrónica,297.65,7,2083.5499999999997
607,Houston,False,Alimentos,56.63,4,226.52
608,Houston,False,Hogar,93.46,1,93.46
609,,False,Hogar,223.48,2,446.96
610,Houston,False,Electrónica,58.89,6,353.34000000000003
611,Houston,False,Hogar,65.93,9,593.3700000000001
612,Houston,False,Hogar,59.77,5,298.85
613,Houston,False,Electrónica,84.46,5,422.29999999999995
614,Houston,False,Hogar,229.29,7,1605.03
615,Houston,False,Hogar,70.66,4,282.64
616,Houston,False,Electrónica,74.6,2,149.2
617,Houston,False,Alimentos,286.09,8,2288.72
618,Houston,False,Ropa,71.25,1,71.25
619,Houston,False,Hogar,192.83,1,192.83
620,Houston,False,Hogar,204.74,6,1228.44
621,Houston,False,Ropa,217.47,4,869.88
622,Houston,False,Electrónica,125.72,8,1005.76
623,Houston,False,Hogar,37.21,1,37.21
624,Houston,False,Ropa,67.77,3,203.31
625,Houston,False,Electrónica,130.02,5,650.1
626,Houston,False,Hogar,277.02,1,277.02
627,Houston,False,Electrónica,151.99,8,1215.92
628,Houston,False,Ropa,118.85,6,713.0999999999999
629,Houston,False,Electrónica,199.62,2,399.24
630,Houston,False,Electrónica,217.86,8,1742.88
631,Houston,False,Hogar,183.18,7,1282.26
632,Houston,False,Ropa,156.37,6,938.22
633,Houston,False,Alimentos,295.6,6,1773.6000000000001
634,Houston,False,Hogar,100.94,2,201.88
635,Houston,False,Ropa,95.22,1,95.22
636,Houston,False,Ropa,134.98,8,1079.84
637,Houston,False,Ropa,71.96,7,503.71999999999997
638,Houston,False,Ropa,245.28,6,1471.68
639,Houston,False,Ropa,151.1,9,1359.8999999999999
640,Houston,False,Electrónica,120.95,3,362.85
641,Houston,False,Hogar,303.31,3,909.9300000000001
642,Houston,False,Electrónica,48.98,2,97.96
643,Houston,False,Ropa,131.25,1,131.25
644,,False,Electrónica,150.35,8,1202.8
645,Houston,False,Electrónica,107.67,6,646.02
646,Houston,False,Hogar,134.44,4,537.76
647,Houston,False,Electrónica,128.96,1,128.96
648,Houston,False,Ropa,129.52,9,1165.68
649,Houston,False,Ropa,45.51,5,227.54999999999998
650,Houston,False,Ropa,185.24,1,185.24
651,Houston,False,Electrónica,78.04,3,234.12
652,Houston,False,Ropa,158.48,9,1426.32
653,Houston,False,Hogar,59.81,8,478.48
654,Houston,False,Ropa,79.39,6,476.34000000000003
655,Houston,False,Ropa,341.36,3,1024.08
656,Houston,False,Ropa,115.39,1,115.39
657,Houston,False,Ropa,385.11,1,385.11
658,Houston,False,Hogar,154.2,3,462.59999999999997
659,Houston,False,Hogar,83.01,4,332.04
660,Houston,False,Hogar,173.99,8,1391.92
661,Houston,False,Electrónica,66.25,7,463.75
662,Houston,False,Electrónica,97.4,8,779.2
663,Houston,False,Ropa,97.36,4,389.44
664,Houston,False,Electrónica,154.11,2,308.22
665,Houston,False,Ropa,130.77,2,261.54
666,Houston,False,Ropa,73.11,3,219.32999999999998
667,Houston,False,Electrónica,205.24,4,820.96
668,Houston,False,Electrónica,100.75,5,503.75
669,Houston,False,Ropa,62.28,5,311.4
670,Houston,False,Electrónica,128.07,7,896.49
671,Houston,False,Electrónica,87.99,8,703.92
672,Houston,False,Electrónica,217.1,6,1302.6
673,,False,Electrónica,58.31,3,174.93
674,Houston,False,Ropa,103.84,8,830.72
675,Houston,False,Ropa,153.15,3,459.45000000000005
676,Houston,False,Ropa,101.17,9,910.53
677,Houston,False,Electrónica,130.45,7,913.1499999999999
678,Houston,False,Ropa,216.9,6,1301.4
679,,False,Ropa,115.73,9,1041.57
680,Houston,False,Ropa,105.17,4,420.68
681,Houston,False,Electrónica,239.76,2,479.52
682,Houston,False,Electrónica,324.69,8,2597.52
683,Houston,False,Ropa,83.9,8,671.2
684,Houston,False,Hogar,131.24,6,787.44
685,Houston,False,Hogar,136.52,2,273.04
686,Houston,False,Ropa,194.96,2,389.92
687,Houston,False,Hogar,93.44,4,373.76
688,Houston,False,Electrónica,334.67,9,3012.03
689,Houston,False,Ropa,64.15,5,320.75
690,Houston,False,Electrónica,128.09,9,1152.81
691,Houston,False,Electrónica,79.95,6,479.70000000000005
692,Houston,False,Ropa,201.81,9,1816.29
693,Houston,False,Electrónica,44.13,8,353.04
694,Houston,False,Alimentos,116.85,7,817.9499999999999
695,Houston,False,Alimentos,91.68,6,550.08
696,Houston,False,Hogar,89.55,9,805.9499999999999
697,Houston,False,Ropa,175.3,5,876.5
698,Houston,False,Electrónica,293.09,3,879.27
699,Houston,False,Ropa,81.43,4,325.72
700,,False,Ropa,80.47,6,482.82
701,Houston,False,Ropa,86.62,5,433.1
702,Houston,False,Hogar,95.54,3,286.62
703,Houston,False,Electrónica,125.28,7,876.96
704,Houston,False,Alimentos,135.19,9,1216.71
705,Houston,False,Electrónica,174.34,2,348.68
706,Houston,False,Ropa,79.58,9,716.22
707,Houston,False,Electrónica,77.09,4,308.36
708,,False,Hogar,186.33,4,745.32
709,Houston,False,Hogar,72.26,4,289.04
710,Houston,False,Ropa,97.82,1,97.82
711,Houston,False,Ropa,41.59,8,332.72
712,Houston,False,Electrónica,173.09,3,519.27
713,Houston,False,Ropa,164.35,7,1150.45
714,Houston,False,Electrónica,78.24,8,625.92
715,Houston,False,Ropa,76.88,7,538.16
716,Houston,False,Hogar,141.63,8,1133.04
717,Houston,False,Hogar,72.49,8,579.92
718,Houston,False,Alimentos,182.44,5,912.2
719,Houston,False,Ropa,107.27,8,858.16
720,Houston,False,Hogar,171.78,3,515.34
721,Houston,False,Ropa,204.59,3,613.77
722,Houston,False,Ropa,95.55,8,764.4
723,Houston,False,Ropa,149.71,7,1047.97
724,Houston,False,Electrónica,94.94,3,284.82
725,Houston,False,Electrónica,92.08,9,828.72
726,Houston,False,Electrónica,109.43,5,547.1500000000001
727,Houston,False,Hogar,45.93,3,137.79
728,Houston,False,Ropa,60.18,9,541.62
729,Houston,False,Alimentos,41.74,6,250.44
730,Houston,False,Alimentos,96.15,1,96.15
731,Houston,False,Ropa,123.1,4,492.4
732,Houston,False,Hogar,69.28,1,69.28
733,Houston,False,Hogar,149.2,8,1193.6
734,Houston,False,Ropa,107.76,2,215.52
735,Houston,False,Electrónica,87.87,4,351.48
736,Houston,False,Ropa,56.84,3,170.52
737,Houston,False,Electrónica,136.33,5,681.6500000000001
738,Houston,False,Electrónica,259.23,3,777.69
739,Houston,False,Electrónica,45.58,6,273.48
740,Houston,False,Electrónica,132.17,8,1057.36
741,Houston,False,Electrónica,204.74,6,1228.44
742,Houston,False,Hogar,100.22,8,801.76
743,Houston,False,Ropa,139.32,5,696.5999999999999
744,Houston,False,Hogar,97.46,7,682.2199999999999
745,Houston,False,Electrónica,127.37,4,509.48
746,Houston,False,Electrónica,37.11,4,148.44
747,Houston,False,Ropa,104.99,7,734.93
748,Houston,False,Hogar,241.44,8,1931.52
749,Houston,False,Electrónica,106.96,3,320.88
750,Houston,False,Ropa,128.8,6,772.8000000000001
751,Houston,False,Hogar,167.55,5,837.75
752,Houston,False,Alimentos,120.38,2,240.76
753,Houston,False,Alimentos,368.58,8,2948.64
754,Houston,False,Ropa,102.65,4,410.6
755,Houston,False,Ropa,189.69,3,569.0699999999999
756,Houston,False,Ropa,171.42,9,1542.78
757,Houston,False,Electrónica,77.38,2,154.76
758,Houston,False,Electrónica,220.05,8,1760.4
759,Houston,False,Alimentos,217.67,4,870.68
760,Houston,False,Ropa,158.5,8,1268.0
761,Houston,False,Ropa,239.92,3,719.76
762,Houston,False,Hogar,95.57,3,286.71
763,,False,Electrónica,169.49,4,677.96
764,Houston,False,Ropa,59.51,1,59.51
765,Houston,False,Electrónica,188.17,8,1505.36
766,Houston,False,Ropa,133.45,9,1201.05
767,Houston,False,Hogar,205.41,8,1643.28
768,Houston,False,Electrónica,84.7,2,169.4
769,Houston,False,Alimentos,56.08,1,56.08
770,Houston,False,Electrónica,94.88,4,379.52
771,Houston,False,Electrónica,191.11,8,1528.88
772,Houston,False,Ropa,108.6,1,108.6
773,Houston,False,Electrónica,102.21,6,613.26
774,Houston,False,Electrónica,53.24,3,159.72
775,,False,Electrónica,56.79,6,340.74
776,Houston,False,Electrónica,76.78,1,76.78
777,Houston,False,Ropa,232.28,9,2090.52
778,Houston,False,Electrónica,92.02,4,368.08
779,Houston,False,Ropa,112.22,4,448.88
780,Houston,False,Electrónica,160.18,9,1441.6200000000001
781,Houston,False,Ropa,165.02,6,990.1200000000001
782,Houston,False,Electrónica,109.51,7,766.57
783,Houston,False,Ropa,37.88,3,113.64000000000001
784,Houston,False,Hogar,186.14,6,1116.84
785,Houston,False,Ropa,252.39,5,1261.9499999999998
786,Houston,False,Alimentos,264.43,6,1586.58
787,Houston,False,Alimentos,110.61,2,221.22
788,Houston,False,Electrónica,88.05,4,352.2
789,Houston,False,Hogar,147.1,5,735.5
790,Houston,False,Electrónica,255.34,6,1532.04
791,Houston,False,Ropa,135.85,1,135.85
792,Houston,False,Hogar,102.0,2,204.0
793,Houston,False,Alimentos,75.92,9,683.28
794,Houston,False,Ropa,51.2,3,153.60000000000002
795,Houston,False,Ropa,48.73,6,292.38
796,Houston,False,Ropa,172.94,1,172.94
797,Houston,False,Electrónica,90.95,8,727.6
798,Houston,False,Hogar,134.44,3,403.32
799,Houston,False,Ropa,254.26,5,1271.3
800,Houston,False,Electrónica,262.67,6,1576.02
801,Houston,False,Electrónica,100.92,7,706.44
802,Houston,False,Electrónica,169.87,7,1189.0900000000001
803,Houston,False,Hogar,133.4,6,800.4000000000001
804,Houston,False,Ropa,136.81,1,136.81
805,,False,Ropa,89.11,1,89.11
806,Houston,False,Electrónica,166.42,6,998.52
807,Houston,False,Hogar,198.4,7,1388.8
808,Houston,False,Ropa,111.48,9,1003.32
809,Houston,False,Ropa,210.39,3,631.17
810,Houston,False,Hogar,192.95,8,1543.6
811,Houston,False,Ropa,102.11,7,714.77
812,Houston,False,Hogar,190.55,8,1524.4
813,Houston,False,Ropa,111.95,6,671.7
814,Houston,False,Electrónica,360.99,9,3248.91
815,Houston,False,Ropa,173.21,5,866.0500000000001
816,Houston,False,Ropa,63.03,8,504.24
817,Houston,False,Hogar,107.29,2,214.58
818,Houston,False,Ropa,179.19,9,1612.71
819,Houston,False,Ropa,60.0,6,360.0
820,Houston,False,Ropa,125.32,6,751.92
821,Houston,False,Electrónica,145.38,6,872.28
822,Houston,False,Alimentos,190.32,8,1522.56
823,Houston,False,Hogar,103.31,8,826.48
824,Houston,False,Ropa,44.15,4,176.6
825,Houston,False,Electrónica,140.57,9,1265.1299999999999
826,Houston,False,Ropa,156.81,3,470.43
827,Houston,False,Electrónica,59.53,9,535.77
828,Houston,False,Alimentos,106.74,4,426.96
829,Houston,False,Hogar,50.02,4,200.08
830,Houston,False,Alimentos,242.67,4,970.68
831,Houston,False,Hogar,52.26,3,156.78
832,Houston,False,Alimentos,127.04,3,381.12
833,Houston,False,Hogar,126.23,4,504.92
834,Houston,False,Alimentos,282.2,3,846.5999999999999
835,Houston,False,Hogar,67.23,1,67.23
836,Houston,False,Hogar,181.0,5,905.0
837,Houston,False,Electrónica,153.2,4,612.8
838,Houston,False,Electrónica,223.31,5,1116.55
839,Houston,False,Ropa,59.19,8,473.52
840,Houston,False,Ropa,122.41,5,612.05
841,Houston,False,Hogar,129.67,6,778.02
842,Houston,False,Ropa,90.88,6,545.28
843,Houston,False,Electrónica,84.21,8,673.68
844,Houston,False,Ropa,78.84,7,551.88
845,Houston,False,Ropa,92.07,6,552.42
846,Houston,False,Electrónica,119.72,6,718.3199999999999
847,Houston,False,Ropa,139.92,3,419.76
848,Houston,False,Ropa,50.99,8,407.92
849,,False,Electrónica,238.21,9,2143.89
850,Houston,False,Hogar,184.33,4,737.32
851,Houston,False,Ropa,111.23,9,1001.07
852,Houston,False,Electrónica,52.33,9,470.96999999999997
853,Houston,False,Ropa,131.31,9,1181.79
854,Houston,False,Hogar,89.28,4,357.12
855,Houston,False,Ropa,102.01,6,612.0600000000001
856,Houston,False,Ropa,138.83,9,1249.47
857,Houston,False,Ropa,164.73,1,164.73
858,Houston,False,Ropa,82.05,9,738.4499999999999
859,,False,Hogar,247.22,1,247.22
860,Houston,False,Electrónica,300.08,4,1200.32
861,Houston,False,Alimentos,250.44,3,751.3199999999999
862,Houston,False,Electrónica,151.32,9,1361.8799999999999
863,Houston,False,Ropa,181.05,2,362.1
864,Houston,False,Electrónica,132.69,6,796.14
865,Houston,False,Electrónica,97.74,2,195.48
866,Houston,False,Electrónica,73.51,7,514.57
867,Houston,False,Ropa,78.34,8,626.72
868,Houston,False,Ropa,188.75,6,1132.5
869,,False,Hogar,271.27,9,2441.43
870,Houston,False,Ropa,192.99,9,1736.91
871,Houston,False,Electrónica,220.38,2,440.76
872,Houston,False,Electrónica,45.4,6,272.4
873,Houston,False,Ropa,151.64,4,606.56
874,Houston,False,Hogar,151.46,3,454.38
875,Houston,False,Hogar,45.98,4,183.92
876,Houston,False,Electrónica,118.06,4,472.24
877,Houston,False,Ropa,164.86,8,1318.88
878,Houston,False,Ropa,73.43,5,367.15000000000003
879,Houston,False,Hogar,159.51,9,1435.59
880,Houston,False,Ropa,115.64,8,925.12
881,Houston,False,Electrónica,92.57,6,555.42
882,Houston,False,Electrónica,85.54,5,427.70000000000005
883,Houston,False,Ropa,264.6,1,264.6
884,Houston,False,Ropa,88.99,2,177.98
885,Houston,False,Ropa,44.64,9,401.76
886,Houston,False,Ropa,49.9,2,99.8
887,Houston,False,Ropa,192.61,1,192.61
888,Houston,False,Ropa,135.15,3,405.45000000000005
889,Houston,False,Ropa,128.17,3,384.51
890,Houston,False,Ropa,42.21,1,42.21
891,Houston,False,Ropa,210.88,9,1897.92
892,Houston,False,Hogar,206.57,9,1859.1299999999999
893,Houston,False,Electrónica,155.63,1,155.63
894,Houston,False,Electrónica,196.19,8,1569.52
895,Houston,False,Ropa,211.63,7,1481.4099999999999
896,Houston,False,Electrónica,109.24,8,873.92
897,Houston,False,Electrónica,108.66,6,651.96
898,Houston,False,Electrónica,159.2,9,1432.8
899,Houston,False,Electrónica,186.3,4,745.2
900,Houston,False,Electrónica,109.65,8,877.2
901,Houston,False,Electrónica,175.68,2,351.36
902,Houston,False,Ropa,133.64,6,801.8399999999999
903,Houston,False,Hogar,88.62,3,265.86
904,Houston,False,Ropa,130.32,7,912.24
905,,False,Alimentos,122.2,5,611.0
906,Houston,False,Ropa,221.46,2,442.92
907,Houston,False,Alimentos,122.81,6,736.86
908,Houston,False,Ropa,38.64,1,38.64
909,Houston,False,Ropa,71.82,8,574.56
910,Houston,False,Hogar,293.0,7,2051.0
911,Houston,False,Hogar,275.97,5,1379.8500000000001
912,Houston,False,Electrónica,283.64,4,1134.56
913,Houston,False,Hogar,100.93,9,908.3700000000001
914,Houston,False,Electrónica,95.28,7,666.96
915,Houston,False,Ropa,69.18,7,484.26000000000005
916,Houston,False,Hogar,46.41,2,92.82
917,Houston,False,Hogar,44.12,1,44.12
918,Houston,False,Electrónica,96.93,8,775.44
919,Houston,False,Electrónica,58.07,6,348.42
920,Houston,False,Electrónica,59.24,1,59.24
921,Houston,False,Ropa,127.16,8,1017.28
922,Houston,False,Alimentos,162.65,5,813.25
923,Houston,False,Ropa,169.37,2,338.74
924,Houston,False,Ropa,333.01,5,1665.05
925,Houston,False,Alimentos,134.98,5,674.9
926,Houston,False,Electrónica,150.22,8,1201.76
927,Houston,False,Hogar,181.0,7,1267.0
928,Houston,False,Ropa,227.6,7,1593.2
929,Houston,False,Ropa,86.44,6,518.64
930,Houston,False,Electrónica,189.87,6,1139.22
931,Houston,False,Alimentos,259.25,3,777.75
932,Houston,False,Ropa,167.49,1,167.49
933,Houston,False,Ropa,56.24,6,337.44
934,Houston,False,Electrónica,96.57,3,289.71
935,Houston,False,Electrónica,72.86,5,364.3
936,Houston,False,Ropa,118.51,4,474.04
937,Houston,False,Electrónica,113.01,1,113.01
938,Houston,False,Electrónica,101.87,6,611.22
939,Houston,False,Electrónica,76.96,3,230.88
940,Houston,False,Hogar,126.61,2,253.22
941,Houston,False,Ropa,134.19,6,805.14
942,Houston,False,Ropa,134.05,7,938.3500000000001
943,Houston,False,Electrónica,189.9,6,1139.4
944,Houston,False,Ropa,66.32,2,132.64
945,Houston,False,Hogar,189.65,5,948.25
946,Houston,False,Ropa,233.82,4,935.28
947,Houston,False,Ropa,49.03,5,245.15
948,Houston,False,Electrónica,119.92,6,719.52
949,Houston,False,Ropa,187.29,9,1685.61
950,Houston,False,Ropa,79.66,3,238.98
951,Houston,False,Hogar,85.76,1,85.76
952,Houston,False,Hogar,126.76,3,380.28000000000003
953,Houston,False,Electrónica,37.72,9,339.48
954,Houston,False,Ropa,63.99,3,191.97
955,Houston,False,Electrónica,107.77,9,969.93
956,Houston,False,Electrónica,145.84,8,1166.72
957,Houston,False,Electrónica,121.51,5,607.5500000000001
958,Houston,False,Ropa,243.16,1,243.16
959,Houston,False,Ropa,120.75,9,1086.75
960,Houston,False,Hogar,162.14,3,486.41999999999996
961,Houston,False,Alimentos,54.81,9,493.29
962,Houston,False,Hogar,66.38,6,398.28
963,Houston,False,Electrónica,222.52,5,1112.6000000000001
964,Houston,False,Hogar,71.89,3,215.67000000000002
965,Houston,False,Electrónica,97.93,2,195.86
966,Houston,False,Electrónica,137.38,1,137.38
967,Houston,False,Alimentos,82.16,6,492.96
968,Houston,False,Electrónica,96.13,5,480.65
969,Houston,False,Electrónica,179.0,4,716.0
970,Houston,False,Hogar,47.3,2,94.6
971,Houston,False,Ropa,127.39,6,764.34
972,Houston,False,Ropa,322.85,9,2905.65
973,Houston,False,Ropa,211.84,3,635.52
974,Houston,False,Electrónica,125.92,1,125.92
975,Houston,False,Ropa,45.34,6,272.04
976,Houston,False,Ropa,160.1,1,160.1
977,Houston,False,Ropa,304.43,2,608.86
978,Houston,False,Hogar,79.82,6,478.91999999999996
979,Houston,False,Hogar,375.52,9,3379.68
980,Houston,False,Ropa,119.85,8,958.8
981,Houston,False,Electrónica,191.6,9,1724.3999999999999
982,Houston,False,Ropa,102.11,3,306.33
983,Houston,False,Electrónica,156.66,6,939.96
984,Houston,False,Ropa,106.11,3,318.33
985,Houston,False,Electrónica,158.08,4,632.32
986,Houston,False,Ropa,62.3,4,249.2
987,Houston,False,Ropa,76.8,8,614.4
988,Houston,False,Ropa,122.75,8,982.0
989,Houston,False,Ropa,32.86,9,295.74
990,Houston,False,Alimentos,85.08,6,510.48
991,Houston,False,Ropa,144.47,5,722.35
992,Houston,False,Ropa,81.39,8,651.12
993,Houston,False,Electrónica,367.97,7,2575.79
994,Houston,False,Electrónica,66.13,8,529.04
995,Houston,False,Hogar,125.9,4,503.6
996,Houston,False,Hogar,90.33,2,180.66
997,Houston,False,Electrónica,87.45,8,699.6
998,Houston,False,Ropa,82.24,8,657.92
999,Houston,False,Ropa,173.13,3,519.39
1000,Houston,False,Electrónica,133.53,2,267.06
766,Houston,False,Ropa,133.45,9,1201.05
506,Houston,False,Alimentos,107.07,7,749.49
681,Houston,False,Electrónica,239.76,2,479.52
